0	HOME
1	TREATMENT
2	CLIMATE CTRL
3	HUMIDITY LEVEL
4	HEATED TUBE
5	RAMP
6	SETTINGS
7	OPTIONS
8	REMINDERS
9	CONFIGURATION
10	SLEEP QUALITY
11	SLEEP REPORT
12	VIEW SETTINGS
13	SERVICE
14	MASK FIT
15	Mode
16	Set Pressure
17	Max Pressure
18	Min Pressure
19	IPAP
20	Max IPAP
21	EPAP
22	Min EPAP
23	PS
24	Min PS
25	Max PS
26	Resp. Rate
27	Backup Rate
28	Easy-Breathe
29	Ti
30	Rise Time
31	Trigger
32	Cycle
33	Max Ramp
34	Start Pressure
35	Start EPAP
36	EPR
37	EPR Level
38	Mask
39	Mask Fit ->
40	Tube
41	AB Filter
42	<- BACK
43	<<- HOME
44	Climate Ctrl
45	Sleep Quality
46	Leak Alert
47	SmartStart
48	EPR Inhale
49	Access
50	Date
51	Time
52	Altitude
53	Mask
54	Water Tub
55	Tube
56	Filter
57	SD Card
58	Service
59	Custom 1
60	Custom 2
61	Language
62	Restore Defaults ->
63	Erase Data ->
64	Press. Units
65	Temp. Units
66	Period
67	Usage
68	Mask Fit
69	AHI
70	Days Used
71	Days >4hrs
72	Avg. Usage
73	Used Hrs
74	Pressure
75	Insp. Pressure
76	Exp. Pressure
77	% Spont T
78	% Spont C
79	Total AI
80	Central AI
81	Run Hrs
82	SW
83	BID
84	VID
85	RID
86	HID
87	Start
88	SpO2
89	Leak
90	MV
91	TgMV
92	Pulse
93	RR
94	Vt
95	PS
96	Ti
97	I:E
98	% Spont
99	Trig
100	Ti Max
101	Ti Min
102	Cyc
103	Recur
104	Info
105	Push Dial
106	Setup
107	3sec
108	°C
109	°F
110	%
111	min.
112	L/min
113	ml
114	hrs
115	s
116	Min
117	ms
118	mths
119	--
120	Warm Up
121	
122	Please Wait:
123	Complete:
124	Are you sure?
125	Reminder:
126	Attention:
127	Please Wait…
128	Error:
129	Yes
130	No
131	Mask Events
132	Mask Off
133	Mask Dur
134	Mask On
135	Flow
136	Mask Pressure
137	Therapy Pressure
138	Insp Pressure
139	Exp Pressure
140	Mask Pres Med
141	Mask Pres 95
142	Mask Pres Max
143	Insp Pres Med
144	Insp Pres 95
145	Insp Pres Max
146	Therapy Pres Med
147	Therapy Pres 95
148	Therapy Pres Max
149	Exp Pres Med
150	Exp Pres 95
151	Exp Pres Max
152	Leak Med
153	Leak 95
154	Leak Max
155	RR Med
156	RR 95
157	RR Max
158	Min Vent
159	Min Vent Med
160	Min Vent 95
161	Min Vent Max
162	Tid Vol Med
163	Tid Vol 95
164	Tid Vol Max
165	I:E Med
166	I:E 95
167	I:E Max
168	Targ Vent
169	Targ Vent Med
170	Targ Vent 95
171	Targ Vent Max
172	Snore Index
173	FFL Index
174	HI
175	AHI
176	AI
177	CAI
178	OAI
179	UAI
180	Resp Event
181	Te
182	
183	L
184	L/s
185	bpm
186	
187	
188	days
189	cmH2O
190	Off
191	On
192	Patient
193	
194	Hypopnea
195	Central Apnea
196	Obstructive Apnea
197	Apnea
198	Arousal
199	Off
200	10
201	
202	
203	Ti Min
204	Ti Max
205	Timed
206	°C
207	°F
208	Manual
209	Auto
210	Patient
211	cmH2O
212	hPa
213	
214	Perform upgrade?
215	Data re-writing to SD card, press yes to continue
216	Erase all data?
217	Restore factory defaults?
218	Off
219	1
220	2
221	3
222	Patient
223	Fast
224	Med
225	Off
226	Ramp Only
227	Full Time
228	SlimLine
229	Standard
230	3m
231	
232	Warming Up
233	Warming Ready
234	Cooling Down
235	
236	
237	
238	
239	Settings updated successfully, press any key
240	Please connect a 60W/90W power supply for heated humidification
241	Please connect a 90W power supply for Climate Control /humidification
242	Data erased successfully, press any key
243	Factory defaults restored successfully, press any key
244	No SD card detected
245	Please close H5i flip lid, attach tube and press any key
246	Invalid date/time, data exists for this period
247	Processing data, please press any key and try again
248	Pressure change detected, ensure altitude is set correctly
249	Motor life exceeded, please contact service provider
250	Settings memory error, changes will be lost when power removed
251	Tube blocked, please check your tube
252	English
253	Français
254	Deutsch
255	Italiano
256	Español
257	Español
258	Português
259	Português
260	Nederlands
261	Svenska
262	Dansk
263	Norsk
264	Suomi
265	ニホンゴ
266	Русский
267	Türkçe
268	繁體中文
269	简体中文
270	Polski
271	日本語
272	Pillows
273	Full Face
274	Nasal
275	Nasal Ultra
276	Pediatric
277	
278	Adjust
279	Good
280	Limited
281	Full
282	Jan
283	Feb
284	Mar
285	Apr
286	May
287	Jun
288	Jul
289	Aug
290	Sep
291	Oct
292	Nov
293	Dec
294	Manual
295	Auto
296	Off
297	On
298	CPAP
299	AutoSet
300	APAP
301	S
302	ST
303	T
304	VAuto
305	ASV
306	
307	Invalid PSU, connect a ResMed Power Supply Unit
308	Heated tube fault, replace tube
309	Humidifier fault, replace humidifier
310	Motor fault, contact service provider
311	High pressure fault, contact service provider
312	High current fault, contact service provider
313	High temperature fault, refer to user manual
314	System error, please contact service provider
315	Sensor failure, please contact service provider
316	Settings reset to default values, please contact service provider
317	Calibration reset to default values, please contact service provider
318	Over voltage fault, please contact service provider
319	Under voltage fault, please contact service provider
320	
321	Settings updated successfully, re-insert original SD card
322	Remove SD card and press start to begin therapy
323	Please remove SD card and re-insert original SD card
324	Read only card, please remove, unlock and re-insert SD card
325	SD Card error, remove card and press start to begin therapy
326	Settings error, please remove SD card and contact service provider
327	Invalid SD card, please remove and contact service provider
328	Check ResMed 30 /90W Power Supply Unit and fully insert connector
329	
330	SD Card in use, do not remove card or turn off device
331	Updating settings
332	Restoring factory defaults
333	Erasing SD card data
334	Erasing all data
335	Recording data, do not remove SD Card
336	
337	It's time to replace your mask, please contact service provider
338	It's time to replace your tube, please contact service provider
339	It's time to replace your water tub, please contact service provider
340	It's time to replace your filter, please contact service provider
341	It's time to return your SD Card to your service provider
342	It's time to service your device, please contact service provider
343	
344	High leak, please check system setup and all connections
345	Connect oxi sensor or press dial to accept no oximetry data logging
346	Check oxi sensor or press dial to accept no oximetry data logging
347	Insert SD card or press dial to accept no oximetry data logging
348	Heated tube fault, replace tube
349	Humidifier fault, replace humidifier
350	Very Low
351	Low
352	Med
353	High
354	Very High
355	Last night
356	Last month
357	1 Day
358	1 Week
359	1 Month
360	3 Months
361	6 Months
362	1 Year
363	Usage
364	On
365	Off
366	
367	Humidifier enabled
368	Climate Control enabled
369	Oximeter enabled
370	No
371	Yes
